{
    "auc_pr": 0.8672672910317741,
    "precision": 0.802356722013926,
    "recall": 0.8221734357848518,
    "f1": 0.8121442125237192
}