{
    "tree": {
        "auc_pr": 0.8308725615498083
    },
    "svm": {
        "auc_pr": 0.8188124567052286
    }
}