{
    "auc_pr": 0.8626346693360337,
    "precision": 0.7406883545497407,
    "recall": 0.8622392974753018,
    "f1": 0.7968551864062896
}