{
    "auc_pr": 0.8687115860897974,
    "precision": 0.7813765182186235,
    "recall": 0.8474204171240395,
    "f1": 0.8130595050026329
}