{
    "auc_pr": 0.8578916390703663,
    "precision": 0.7877679038159958,
    "recall": 0.827113062568606,
    "f1": 0.8069611780455154
}