{
    "auc_pr": 0.864380013919084,
    "precision": 0.7904662126767942,
    "recall": 0.8282107574094402,
    "f1": 0.8088984186545162
}