{
    "auc_pr": 0.8689059879136869,
    "precision": 0.7759838546922301,
    "recall": 0.8441273326015367,
    "f1": 0.8086225026288117
}