{
    "auc_pr": 0.8669440092866466,
    "precision": 0.7687747035573123,
    "recall": 0.854006586169045,
    "f1": 0.8091523660946438
}