{
    "auc_pr": 0.1255848981398949,
    "precision": 0.2692307692307692,
    "recall": 0.21951219512195122,
    "f1": 0.2418426103646833
}