{
    "auc_pr": 0.8691344975136108,
    "precision": 0.797979797979798,
    "recall": 0.8238199780461032,
    "f1": 0.8106940318660546
}