{
    "auc_pr": 0.8708265084744624,
    "precision": 0.7933403805496829,
    "recall": 0.8238199780461032,
    "f1": 0.8082929456112009
}