{
    "auc_pr": 0.19502348996626617,
    "precision": 0.21244635193133046,
    "recall": 0.34494773519163763,
    "f1": 0.26294820717131473
}