{
  "incumbent_ids": [
    6
  ],
  "rejected_config_ids": [
    1,
    2,
    4,
    5,
    3,
    7,
    8,
    9,
    10
  ],
  "incumbents_changed": 4,
  "trajectory": [
    {
      "config_ids": [
        1
      ],
      "costs": [
        0.6211596727371216
      ],
      "trial": 1,
      "walltime": 12.486131191253662
    },
    {
      "config_ids": [
        2
      ],
      "costs": [
        0.5452330708503723
      ],
      "trial": 2,
      "walltime": 12.498742818832397
    },
    {
      "config_ids": [
        3
      ],
      "costs": [
        0.4538258910179138
      ],
      "trial": 3,
      "walltime": 13.28970193862915
    },
    {
      "config_ids": [
        6
      ],
      "costs": [
        0.4427008628845215
      ],
      "trial": 6,
      "walltime": 17.03208088874817
    }
  ],
  "state": {
    "queue": [
      [
        6,
        2
      ],
      [
        7,
        2
      ],
      [
        8,
        2
      ],
      [
        9,
        2
      ],
      [
        10,
        1
      ]
    ]
  }
}