{
    "auc_pr": 0.15847821310032598,
    "precision": 0.25120772946859904,
    "recall": 0.18118466898954705,
    "f1": 0.21052631578947367
}